circular_no,circular_title,department,rule_type,published_on,si_year,si_number,si_id,circular_source_url,circular_pdf_url,source_licence,extraction_note
02/2022,02/2022 Circular EUIPR 02/2022 - Planning and Development Act 2000 (Exempted Development)(Number 2) Regulations 2022,department-of-housing-local-government-and-heritage,planning_rule,1 April 2022,1981,390,1981-390,https://www.gov.ie/en/department-of-housing-local-government-and-heritage/circulars/circular-euipr-022022-planning-and-development-act-2000-exempted-developmentnumber-2-regulations-2022/,https://assets.gov.ie/static/documents/circular-euipr-022022-planning-and-development-act-2000-exempted-developmentnumber-2-r.pdf,"gov.ie circulars (DHLGH/DPER/Finance), PSI Licence / CC-BY","factual citation: circular text references this SI — extracted, not reproduced"
25/2002,PDA 2024 Commencement Circular No 2A re An Coimisiún Pleanála (updated 2 July 2025),department-of-housing-local-government-and-heritage,act_commencement,3 July 2025,1993,419,1993-419,https://www.gov.ie/en/department-of-housing-local-government-and-heritage/circulars/pda-2024-commencement-circular-no-2a-re-an-coimisi%C3%BAn-plean%C3%A1la-updated-2-july-2025/,https://assets.gov.ie/static/documents/PDA_2024_Commencement_Circular_No_2A_re_An_Coimisi%C3%BAn_Plean%C3%A1la_updated_2_July_2025.pdf,"gov.ie circulars (DHLGH/DPER/Finance), PSI Licence / CC-BY","factual citation: circular text references this SI — extracted, not reproduced"
12/2024,Circular 12/2024 Arrangements for Occupational Supplementary Pensions (OSP),department-of-public-expenditure-infrastructure-public-service-reform-and-digitalisation,funding_scheme,24 July 2024,1996,312,1996-312,https://www.gov.ie/en/department-of-public-expenditure-infrastructure-public-service-reform-and-digitalisation/circulars/circular-122024-arrangements-for-occupational-supplementary-pensions-osp/,https://assets.gov.ie/static/documents/circular-122024-arrangements-for-occupational-supplementary-pensions-osp.pdf,"gov.ie circulars (DHLGH/DPER/Finance), PSI Licence / CC-BY","factual citation: circular text references this SI — extracted, not reproduced"
01/2023,01/2023 Circular PGO 01/2023 - Land Development Agency Act 2021 – Part 9 Planning Condition – Delivery of Affordable Housing on Relevant Pub,department-of-housing-local-government-and-heritage,funding_scheme,3 April 2023,1997,496,1997-496,https://www.gov.ie/en/department-of-housing-local-government-and-heritage/circulars/circular-pgo-012023-land-development-agency-act-2021-part-9-planning-condition-delivery-of-affordable-housing-on-relevant-public-land-and-part-7-disposal-of-relevant-public-land-first-refusal-of-lda/,https://assets.gov.ie/static/documents/circular-pgo-012023-land-development-agency-act-2021-part-9-planning-condition-deliver.pdf,"gov.ie circulars (DHLGH/DPER/Finance), PSI Licence / CC-BY","factual citation: circular text references this SI — extracted, not reproduced"
,2024 Circular S.5 2024 Compulsory Retirement Age of Full Time Firefighters and Increase in Fast Accruals,department-of-housing-local-government-and-heritage,funding_scheme,16 December 2024,1998,455,1998-455,https://www.gov.ie/en/department-of-housing-local-government-and-heritage/circulars/circular-s5-2024-compulsory-retirement-age-of-full-time-firefighters-and-increase-in-fast-accruals/,https://assets.gov.ie/static/documents/circular-s5-2024-compulsory-retirement-age-of-full-time-firefighters-and-increase-in-f.pdf,"gov.ie circulars (DHLGH/DPER/Finance), PSI Licence / CC-BY","factual citation: circular text references this SI — extracted, not reproduced"
,Circular LG 06-2020 - Adjustment to Members’ Representational Payment from 1 October 2020,department-of-housing-local-government-and-heritage,other_guidance,24 September 2020,2001,552,2001-552,https://www.gov.ie/en/department-of-housing-local-government-and-heritage/circulars/circular-lg-06-2020-adjustment-to-members-representational-payment-from-1-october-2020/,https://assets.gov.ie/static/documents/circular-lg-06-2020-adjustment-to-members-representational-payment-from-1-october-2020.pdf,"gov.ie circulars (DHLGH/DPER/Finance), PSI Licence / CC-BY","factual citation: circular text references this SI — extracted, not reproduced"
09/2023,PL 09/2023 Circular PL 09/2023 re S.I. No. 376/2023 Exempted Development Regulations,department-of-housing-local-government-and-heritage,planning_rule,4 August 2023,2001,600,2001-600,https://www.gov.ie/en/department-of-housing-local-government-and-heritage/circulars/circular-pl-092023-re-si-no-3762023-exempted-development-regulations/,https://assets.gov.ie/static/documents/planning-and-development-exempted-development-no-4-regulations-2023.pdf,"gov.ie circulars (DHLGH/DPER/Finance), PSI Licence / CC-BY","factual citation: circular text references this SI — extracted, not reproduced"
,04 Planning and Development Act 2024 Commencement Circular No. 2025 04 Partial commencement of Parts 3 and 6,department-of-housing-local-government-and-heritage,act_commencement,6 October 2025,2001,600,2001-600,https://www.gov.ie/en/department-of-housing-local-government-and-heritage/circulars/planning-and-development-act-2024-commencement-circular-no-2025-04-partial-commencement-of-parts-3-and-6/,https://assets.gov.ie/static/documents/7817fc9b/PDA_2024_Commencement_Circular_No._2025_04_Partial_commencement_of_Parts_3_an.pdf,"gov.ie circulars (DHLGH/DPER/Finance), PSI Licence / CC-BY","factual citation: circular text references this SI — extracted, not reproduced"
05/2025,5/2025 CEPP 5/2025 Circular Letter European Union (Land Use Planning SEA) Regulations 2025,department-of-housing-local-government-and-heritage,planning_rule,7 October 2025,2001,600,2001-600,https://www.gov.ie/en/department-of-housing-local-government-and-heritage/circulars/cepp-52025-circular-letter-european-union-land-use-planning-sea-regulations-2025/,https://assets.gov.ie/static/documents/c1a2db01/CEPP_5_2025_Circular_Letter_European_Union_Land_Use_Planning_SEA_Regulations_.pdf,"gov.ie circulars (DHLGH/DPER/Finance), PSI Licence / CC-BY","factual citation: circular text references this SI — extracted, not reproduced"
,4-2020 EUIPR 4-2020 - Amendments to Substitute Consent provisions,department-of-housing-local-government-and-heritage,planning_rule,24 December 2020,2001,600,2001-600,https://www.gov.ie/en/department-of-housing-local-government-and-heritage/circulars/euipr-4-2020-amendments-to-substitute-consent-provisions/,https://assets.gov.ie/static/documents/appendix-1-planning-and-development-amendment-no-2-regulations-2020.pdf,"gov.ie circulars (DHLGH/DPER/Finance), PSI Licence / CC-BY","factual citation: circular text references this SI — extracted, not reproduced"
16/2020,Internal Dispute Resolution (IDR) procedure for pension appeals in relation to beneficiaries/disputed beneficiaries of pre-existing civil se,department-of-public-expenditure-infrastructure-public-service-reform-and-digitalisation,pay_pension,9 October 2020,2003,397,2003-397,https://www.gov.ie/en/department-of-public-expenditure-infrastructure-public-service-reform-and-digitalisation/circulars/internal-dispute-resolution-idr-procedure-for-pension-appeals-in-relation-to-beneficiariesdisputed-beneficiaries-of-pre-existing-civil-service-pension-schemes-and-of-certain-public-service-pre-existing-pension-schemes/,https://assets.gov.ie/static/documents/circular-162020-internal-dispute-resolution-idr-procedure-for-pension-appeals-in-relat.pdf,"gov.ie circulars (DHLGH/DPER/Finance), PSI Licence / CC-BY","factual citation: circular text references this SI — extracted, not reproduced"
,05 Planning and Development Act 2024 Commencement Circular No. 2025 05 Partial commencement of Part 16,department-of-housing-local-government-and-heritage,act_commencement,6 October 2025,2003,449,2003-449,https://www.gov.ie/en/department-of-housing-local-government-and-heritage/circulars/planning-and-development-act-2024-commencement-circular-no-2025-05-partial-commencement-of-part-16/,https://assets.gov.ie/static/documents/c9d0d738/PDA_2024_Commencement_Circular_No._2025_05_Partial_commencement_of_Part_16.pdf,"gov.ie circulars (DHLGH/DPER/Finance), PSI Licence / CC-BY","factual citation: circular text references this SI — extracted, not reproduced"
,04 Planning and Development Act 2024 Commencement Circular No. 2025 04 Partial commencement of Parts 3 and 6,department-of-housing-local-government-and-heritage,act_commencement,6 October 2025,2004,435,2004-435,https://www.gov.ie/en/department-of-housing-local-government-and-heritage/circulars/planning-and-development-act-2024-commencement-circular-no-2025-04-partial-commencement-of-parts-3-and-6/,https://assets.gov.ie/static/documents/7817fc9b/PDA_2024_Commencement_Circular_No._2025_04_Partial_commencement_of_Parts_3_an.pdf,"gov.ie circulars (DHLGH/DPER/Finance), PSI Licence / CC-BY","factual citation: circular text references this SI — extracted, not reproduced"
06/2025,6/2025 CEPP 6/2025 Circular Letter European Union (Environmental Assessment of Certain Plans and Programmes) (Amendment) Regulations 2025,department-of-housing-local-government-and-heritage,planning_rule,7 October 2025,2004,435,2004-435,https://www.gov.ie/en/department-of-housing-local-government-and-heritage/circulars/cepp-62025-circular-letter-european-union-environmental-assessment-of-certain-plans-and-programmes-amendment-regulations-2025/,https://assets.gov.ie/static/documents/470b5564/Circular_Letter_EU_-_Environmental_Assessment_of_Certain_Plans_and_Programmes.pdf,"gov.ie circulars (DHLGH/DPER/Finance), PSI Licence / CC-BY","factual citation: circular text references this SI — extracted, not reproduced"
05/2025,5/2025 CEPP 5/2025 Circular Letter European Union (Land Use Planning SEA) Regulations 2025,department-of-housing-local-government-and-heritage,planning_rule,7 October 2025,2004,436,2004-436,https://www.gov.ie/en/department-of-housing-local-government-and-heritage/circulars/cepp-52025-circular-letter-european-union-land-use-planning-sea-regulations-2025/,https://assets.gov.ie/static/documents/c1a2db01/CEPP_5_2025_Circular_Letter_European_Union_Land_Use_Planning_SEA_Regulations_.pdf,"gov.ie circulars (DHLGH/DPER/Finance), PSI Licence / CC-BY","factual citation: circular text references this SI — extracted, not reproduced"
,04 Planning and Development Act 2024 Commencement Circular No. 2025 04 Partial commencement of Parts 3 and 6,department-of-housing-local-government-and-heritage,act_commencement,6 October 2025,2004,436,2004-436,https://www.gov.ie/en/department-of-housing-local-government-and-heritage/circulars/planning-and-development-act-2024-commencement-circular-no-2025-04-partial-commencement-of-parts-3-and-6/,https://assets.gov.ie/static/documents/7817fc9b/PDA_2024_Commencement_Circular_No._2025_04_Partial_commencement_of_Parts_3_an.pdf,"gov.ie circulars (DHLGH/DPER/Finance), PSI Licence / CC-BY","factual citation: circular text references this SI — extracted, not reproduced"
20/2021,Circular 20/2021 - Open Data Directive,department-of-public-expenditure-infrastructure-public-service-reform-and-digitalisation,other_guidance,23 December 2021,2005,279,2005-279,https://www.gov.ie/en/department-of-public-expenditure-infrastructure-public-service-reform-and-digitalisation/circulars/circular-202021-open-data-directive/,https://assets.gov.ie/static/documents/circular-202021-open-data-directive.pdf,"gov.ie circulars (DHLGH/DPER/Finance), PSI Licence / CC-BY","factual citation: circular text references this SI — extracted, not reproduced"
,Circular S.1-2025 Annual Report 2023,department-of-housing-local-government-and-heritage,funding_scheme,31 March 2025,2007,177,2007-177,https://www.gov.ie/en/department-of-housing-local-government-and-heritage/circulars/circular-s1-2025-annual-report-2023/,https://assets.gov.ie/static/documents/circular-s1-2025-annual-report-2023.pdf,"gov.ie circulars (DHLGH/DPER/Finance), PSI Licence / CC-BY","factual citation: circular text references this SI — extracted, not reproduced"
,05 Planning and Development Act 2024 Commencement Circular No. 2025 05 Partial commencement of Part 16,department-of-housing-local-government-and-heritage,act_commencement,6 October 2025,2007,590,2007-590,https://www.gov.ie/en/department-of-housing-local-government-and-heritage/circulars/planning-and-development-act-2024-commencement-circular-no-2025-05-partial-commencement-of-part-16/,https://assets.gov.ie/static/documents/c9d0d738/PDA_2024_Commencement_Circular_No._2025_05_Partial_commencement_of_Part_16.pdf,"gov.ie circulars (DHLGH/DPER/Finance), PSI Licence / CC-BY","factual citation: circular text references this SI — extracted, not reproduced"
05/2025,5/2025 CEPP 5/2025 Circular Letter European Union (Land Use Planning SEA) Regulations 2025,department-of-housing-local-government-and-heritage,planning_rule,7 October 2025,2011,201,2011-201,https://www.gov.ie/en/department-of-housing-local-government-and-heritage/circulars/cepp-52025-circular-letter-european-union-land-use-planning-sea-regulations-2025/,https://assets.gov.ie/static/documents/c1a2db01/CEPP_5_2025_Circular_Letter_European_Union_Land_Use_Planning_SEA_Regulations_.pdf,"gov.ie circulars (DHLGH/DPER/Finance), PSI Licence / CC-BY","factual citation: circular text references this SI — extracted, not reproduced"
,04 Planning and Development Act 2024 Commencement Circular No. 2025 04 Partial commencement of Parts 3 and 6,department-of-housing-local-government-and-heritage,act_commencement,6 October 2025,2011,201,2011-201,https://www.gov.ie/en/department-of-housing-local-government-and-heritage/circulars/planning-and-development-act-2024-commencement-circular-no-2025-04-partial-commencement-of-parts-3-and-6/,https://assets.gov.ie/static/documents/7817fc9b/PDA_2024_Commencement_Circular_No._2025_04_Partial_commencement_of_Parts_3_an.pdf,"gov.ie circulars (DHLGH/DPER/Finance), PSI Licence / CC-BY","factual citation: circular text references this SI — extracted, not reproduced"
01/2023,01/2023 Circular EUIPR 01/2023 – Planning and Development (Amendment) (No 2) Regulations 2023,department-of-housing-local-government-and-heritage,planning_rule,27 July 2023,2011,456,2011-456,https://www.gov.ie/en/department-of-housing-local-government-and-heritage/circulars/circular-euipr-012023-planning-and-development-amendment-no-2-regulations-2023/,https://assets.gov.ie/static/documents/circular-euipr-012023-planning-and-development-amendment-no-2-regulations-2023-de34e38.pdf,"gov.ie circulars (DHLGH/DPER/Finance), PSI Licence / CC-BY","factual citation: circular text references this SI — extracted, not reproduced"
,04 Planning and Development Act 2024 Commencement Circular No. 2025 04 Partial commencement of Parts 3 and 6,department-of-housing-local-government-and-heritage,act_commencement,6 October 2025,2011,477,2011-477,https://www.gov.ie/en/department-of-housing-local-government-and-heritage/circulars/planning-and-development-act-2024-commencement-circular-no-2025-04-partial-commencement-of-parts-3-and-6/,https://assets.gov.ie/static/documents/7817fc9b/PDA_2024_Commencement_Circular_No._2025_04_Partial_commencement_of_Parts_3_an.pdf,"gov.ie circulars (DHLGH/DPER/Finance), PSI Licence / CC-BY","factual citation: circular text references this SI — extracted, not reproduced"
,Circular S.1-2025 Annual Report 2023,department-of-housing-local-government-and-heritage,funding_scheme,31 March 2025,2012,291,2012-291,https://www.gov.ie/en/department-of-housing-local-government-and-heritage/circulars/circular-s1-2025-annual-report-2023/,https://assets.gov.ie/static/documents/circular-s1-2025-annual-report-2023.pdf,"gov.ie circulars (DHLGH/DPER/Finance), PSI Licence / CC-BY","factual citation: circular text references this SI — extracted, not reproduced"
24/2022,Circular 24 2022 Guidance on the application of Abatement of Public Service Occupational Pensions,department-of-public-expenditure-infrastructure-public-service-reform-and-digitalisation,funding_scheme,22 December 2022,2012,393,2012-393,https://www.gov.ie/en/department-of-public-expenditure-infrastructure-public-service-reform-and-digitalisation/circulars/circular-24-2022-guidance-on-the-application-of-abatement-of-public-service-occupational-pensions/,https://assets.gov.ie/static/documents/circular-24-2022-guidance-on-the-application-of-abatement-of-public-service-occupation.pdf,"gov.ie circulars (DHLGH/DPER/Finance), PSI Licence / CC-BY","factual citation: circular text references this SI — extracted, not reproduced"
12/2023,Management of Sick Leave in the Civil Service,department-of-public-expenditure-infrastructure-public-service-reform-and-digitalisation,funding_scheme,4 September 2023,2014,124,2014-124,https://www.gov.ie/en/department-of-public-expenditure-infrastructure-public-service-reform-and-digitalisation/circulars/management-of-sick-leave-in-the-civil-service/,https://assets.gov.ie/static/documents/circular-122023-management-of-sick-leave-in-the-civil-service.pdf,"gov.ie circulars (DHLGH/DPER/Finance), PSI Licence / CC-BY","factual citation: circular text references this SI — extracted, not reproduced"
05/2021,05/2021 Circular LG 05/2021 - Allowances and Expenses of Elected Members,department-of-housing-local-government-and-heritage,other_guidance,12 November 2021,2014,236,2014-236,https://www.gov.ie/en/department-of-housing-local-government-and-heritage/circulars/circular-lg-052021-allowances-and-expenses-of-elected-members/,https://assets.gov.ie/static/documents/circular-lg-052021-allowances-and-expenses-of-elected-members.pdf,"gov.ie circulars (DHLGH/DPER/Finance), PSI Licence / CC-BY","factual citation: circular text references this SI — extracted, not reproduced"
,Circular S.1-2025 Annual Report 2023,department-of-housing-local-government-and-heritage,funding_scheme,31 March 2025,2014,288,2014-288,https://www.gov.ie/en/department-of-housing-local-government-and-heritage/circulars/circular-s1-2025-annual-report-2023/,https://assets.gov.ie/static/documents/circular-s1-2025-annual-report-2023.pdf,"gov.ie circulars (DHLGH/DPER/Finance), PSI Licence / CC-BY","factual citation: circular text references this SI — extracted, not reproduced"
08/2020,Circular LG 08-2020 - Guidelines for supplementary Standing Orders regulating the proceedings in relation to remote meetings of the Regional,department-of-housing-local-government-and-heritage,other_guidance,30 October 2020,2014,573,2014-573,https://www.gov.ie/en/department-of-housing-local-government-and-heritage/circulars/circular-lg-08-2020-guidelines-for-supplementary-standing-orders-regulating-the-proceedings-in-relation-to-remote-meetings-of-the-regional-assemblies/,https://assets.gov.ie/static/documents/circular-lg-08-2020-guidelines-for-supplementary-standing-orders-regulating-the-procee.pdf,"gov.ie circulars (DHLGH/DPER/Finance), PSI Licence / CC-BY","factual citation: circular text references this SI — extracted, not reproduced"
,04 Planning and Development Act 2024 Commencement Circular No. 2025 04 Partial commencement of Parts 3 and 6,department-of-housing-local-government-and-heritage,act_commencement,6 October 2025,2014,573,2014-573,https://www.gov.ie/en/department-of-housing-local-government-and-heritage/circulars/planning-and-development-act-2024-commencement-circular-no-2025-04-partial-commencement-of-parts-3-and-6/,https://assets.gov.ie/static/documents/7817fc9b/PDA_2024_Commencement_Circular_No._2025_04_Partial_commencement_of_Parts_3_an.pdf,"gov.ie circulars (DHLGH/DPER/Finance), PSI Licence / CC-BY","factual citation: circular text references this SI — extracted, not reproduced"
12/2024,Circular 12/2024 Arrangements for Occupational Supplementary Pensions (OSP),department-of-public-expenditure-infrastructure-public-service-reform-and-digitalisation,funding_scheme,24 July 2024,2014,582,2014-582,https://www.gov.ie/en/department-of-public-expenditure-infrastructure-public-service-reform-and-digitalisation/circulars/circular-122024-arrangements-for-occupational-supplementary-pensions-osp/,https://assets.gov.ie/static/documents/circular-122024-arrangements-for-occupational-supplementary-pensions-osp.pdf,"gov.ie circulars (DHLGH/DPER/Finance), PSI Licence / CC-BY","factual citation: circular text references this SI — extracted, not reproduced"
12/2023,Management of Sick Leave in the Civil Service,department-of-public-expenditure-infrastructure-public-service-reform-and-digitalisation,funding_scheme,4 September 2023,2015,384,2015-384,https://www.gov.ie/en/department-of-public-expenditure-infrastructure-public-service-reform-and-digitalisation/circulars/management-of-sick-leave-in-the-civil-service/,https://assets.gov.ie/static/documents/circular-122023-management-of-sick-leave-in-the-civil-service.pdf,"gov.ie circulars (DHLGH/DPER/Finance), PSI Licence / CC-BY","factual citation: circular text references this SI — extracted, not reproduced"
20/2021,Circular 20/2021 - Open Data Directive,department-of-public-expenditure-infrastructure-public-service-reform-and-digitalisation,other_guidance,23 December 2021,2015,525,2015-525,https://www.gov.ie/en/department-of-public-expenditure-infrastructure-public-service-reform-and-digitalisation/circulars/circular-202021-open-data-directive/,https://assets.gov.ie/static/documents/circular-202021-open-data-directive.pdf,"gov.ie circulars (DHLGH/DPER/Finance), PSI Licence / CC-BY","factual citation: circular text references this SI — extracted, not reproduced"
02/2022,Circular L2/22 - Revised Domestic Lead Remediation Grant Scheme administered by Local Authorities,department-of-housing-local-government-and-heritage,funding_scheme,18 October 2022,2016,56,2016-056,https://www.gov.ie/en/department-of-housing-local-government-and-heritage/circulars/circular-l222-revised-domestic-lead-remediation-grant-scheme-administered-by-local-authorities/,https://assets.gov.ie/static/documents/circular-l222-revised-domestic-lead-remediation-grant-scheme-administered-by-local-aut.pdf,"gov.ie circulars (DHLGH/DPER/Finance), PSI Licence / CC-BY","factual citation: circular text references this SI — extracted, not reproduced"
17/2025,Circular 17/2025: Updated Green Public Procurement Instructions for Public Sector Bodies,department-of-public-expenditure-infrastructure-public-service-reform-and-digitalisation,procurement,21 July 2025,2016,284,2016-284,https://www.gov.ie/en/department-of-public-expenditure-infrastructure-public-service-reform-and-digitalisation/circulars/circular-172025-updated-green-public-procurement-instructions-for-public-sector-bodies/,https://assets.gov.ie/static/documents/Circular_17_2025_PDF.pdf,"gov.ie circulars (DHLGH/DPER/Finance), PSI Licence / CC-BY","factual citation: circular text references this SI — extracted, not reproduced"
05/2023,Initiatives to Assist SMEs in Public Procurement,department-of-public-expenditure-infrastructure-public-service-reform-and-digitalisation,procurement,2 May 2023,2016,284,2016-284,https://www.gov.ie/en/department-of-public-expenditure-infrastructure-public-service-reform-and-digitalisation/circulars/initiatives-to-assist-smes-in-public-procurement-2/,https://assets.gov.ie/static/documents/circular-052023-initiatives-to-assist-smes-in-public-procurement-a066a1f4-57d6-4bd1-a5.pdf,"gov.ie circulars (DHLGH/DPER/Finance), PSI Licence / CC-BY","factual citation: circular text references this SI — extracted, not reproduced"
,Circular 05-2023 - Initiatives to assist SMEs in Public Procurement,department-of-public-expenditure-infrastructure-public-service-reform-and-digitalisation,procurement,28 March 2023,2016,284,2016-284,https://www.gov.ie/en/department-of-public-expenditure-infrastructure-public-service-reform-and-digitalisation/circulars/circular-05-2023-initiatives-to-assist-smes-in-public-procurement/,https://assets.gov.ie/static/documents/circular-05-2023-initiatives-to-assist-smes-in-public-procurement.pdf,"gov.ie circulars (DHLGH/DPER/Finance), PSI Licence / CC-BY","factual citation: circular text references this SI — extracted, not reproduced"
,Circular 05-2023 - Initiatives to assist SMEs in Public Procurement,department-of-public-expenditure-infrastructure-public-service-reform-and-digitalisation,procurement,28 March 2023,2016,286,2016-286,https://www.gov.ie/en/department-of-public-expenditure-infrastructure-public-service-reform-and-digitalisation/circulars/circular-05-2023-initiatives-to-assist-smes-in-public-procurement/,https://assets.gov.ie/static/documents/circular-05-2023-initiatives-to-assist-smes-in-public-procurement.pdf,"gov.ie circulars (DHLGH/DPER/Finance), PSI Licence / CC-BY","factual citation: circular text references this SI — extracted, not reproduced"
05/2023,Initiatives to Assist SMEs in Public Procurement,department-of-public-expenditure-infrastructure-public-service-reform-and-digitalisation,procurement,2 May 2023,2016,286,2016-286,https://www.gov.ie/en/department-of-public-expenditure-infrastructure-public-service-reform-and-digitalisation/circulars/initiatives-to-assist-smes-in-public-procurement-2/,https://assets.gov.ie/static/documents/circular-052023-initiatives-to-assist-smes-in-public-procurement-a066a1f4-57d6-4bd1-a5.pdf,"gov.ie circulars (DHLGH/DPER/Finance), PSI Licence / CC-BY","factual citation: circular text references this SI — extracted, not reproduced"
24/2020,24/2020 - Single Public Service Pension Scheme - Deferral of increase in State Pension Age,department-of-public-expenditure-infrastructure-public-service-reform-and-digitalisation,pay_pension,22 December 2020,2017,15,2017-015,https://www.gov.ie/en/department-of-public-expenditure-infrastructure-public-service-reform-and-digitalisation/circulars/242020-single-public-service-pension-scheme-deferral-of-increase-in-state-pension-age/,https://assets.gov.ie/static/documents/242020.pdf,"gov.ie circulars (DHLGH/DPER/Finance), PSI Licence / CC-BY","factual citation: circular text references this SI — extracted, not reproduced"
,Circular 05-2023 - Initiatives to assist SMEs in Public Procurement,department-of-public-expenditure-infrastructure-public-service-reform-and-digitalisation,procurement,28 March 2023,2017,203,2017-203,https://www.gov.ie/en/department-of-public-expenditure-infrastructure-public-service-reform-and-digitalisation/circulars/circular-05-2023-initiatives-to-assist-smes-in-public-procurement/,https://assets.gov.ie/static/documents/circular-05-2023-initiatives-to-assist-smes-in-public-procurement.pdf,"gov.ie circulars (DHLGH/DPER/Finance), PSI Licence / CC-BY","factual citation: circular text references this SI — extracted, not reproduced"
05/2023,Initiatives to Assist SMEs in Public Procurement,department-of-public-expenditure-infrastructure-public-service-reform-and-digitalisation,procurement,2 May 2023,2017,203,2017-203,https://www.gov.ie/en/department-of-public-expenditure-infrastructure-public-service-reform-and-digitalisation/circulars/initiatives-to-assist-smes-in-public-procurement-2/,https://assets.gov.ie/static/documents/circular-052023-initiatives-to-assist-smes-in-public-procurement-a066a1f4-57d6-4bd1-a5.pdf,"gov.ie circulars (DHLGH/DPER/Finance), PSI Licence / CC-BY","factual citation: circular text references this SI — extracted, not reproduced"
02/2022,02/2022 Circular PL 02/2022 - Planning and Development Act (Exempted Development) Regulations 2022 (S.I. 75 of 2022),department-of-housing-local-government-and-heritage,planning_rule,24 February 2022,2018,30,2018-030,https://www.gov.ie/en/department-of-housing-local-government-and-heritage/circulars/circular-pl-022022-planning-and-development-act-exempted-development-regulations-2022-si-75-of-2022/,https://assets.gov.ie/static/documents/circular-pl-022022-planning-and-development-act-exempted-development-regulations-2022-.pdf,"gov.ie circulars (DHLGH/DPER/Finance), PSI Licence / CC-BY","factual citation: circular text references this SI — extracted, not reproduced"
24/2020,24/2020 - Single Public Service Pension Scheme - Deferral of increase in State Pension Age,department-of-public-expenditure-infrastructure-public-service-reform-and-digitalisation,pay_pension,22 December 2020,2019,252,2019-252,https://www.gov.ie/en/department-of-public-expenditure-infrastructure-public-service-reform-and-digitalisation/circulars/242020-single-public-service-pension-scheme-deferral-of-increase-in-state-pension-age/,https://assets.gov.ie/static/documents/242020.pdf,"gov.ie circulars (DHLGH/DPER/Finance), PSI Licence / CC-BY","factual citation: circular text references this SI — extracted, not reproduced"
06/2020,06/2020 Purchase and Transfer of Retirement Benefits under the Single Public Service Pension Scheme for members of the Permanent Defence For,department-of-public-expenditure-infrastructure-public-service-reform-and-digitalisation,pay_pension,13 March 2020,2019,252,2019-252,https://www.gov.ie/en/department-of-public-expenditure-infrastructure-public-service-reform-and-digitalisation/circulars/062020-purchase-and-transfer-of-retirement-benefits-under-the-single-public-service-pension-scheme-for-members-of-the-permanent-defence-force/,https://assets.gov.ie/static/documents/062020-purchase-and-transfer-of-retirement-benefits-under-the-single-public-service-pe.pdf,"gov.ie circulars (DHLGH/DPER/Finance), PSI Licence / CC-BY","factual citation: circular text references this SI — extracted, not reproduced"
51/2022,Circular 51/2022 - Defective Concrete Blocks Grant Scheme - Dwellings Damaged by the Use of Defective Concrete Blocks in Construction (Remed,department-of-housing-local-government-and-heritage,funding_scheme,16 December 2022,2020,25,2020-025,https://www.gov.ie/en/department-of-housing-local-government-and-heritage/circulars/circular-512022-defective-concrete-blocks-grant-scheme-dwellings-damaged-by-the-use-of-defective-concrete-blocks-in-construction-remediation-financial-assistance-amendment-no2-regulations-2022-si-no-654-of-2022/,https://assets.gov.ie/static/documents/circular-512022-defective-concrete-blocks-grant-scheme-dwellings-damaged-by-the-use-of.pdf,"gov.ie circulars (DHLGH/DPER/Finance), PSI Licence / CC-BY","factual citation: circular text references this SI — extracted, not reproduced"
10/2026,Commencement of Sections of the Remediation of Dwellings Damaged by the Use of Defective Concrete Blocks (Amendment) Act 2025 and Dwellings ,department-of-housing-local-government-and-heritage,act_commencement,2 March 2026,2020,25,2020-025,https://www.gov.ie/en/department-of-housing-local-government-and-heritage/circulars/commencement-of-sections-of-the-remediation-of-dwellings-damaged-by-the-use-of-defective-concrete-blocks-amendment-act-2025-and-dwellings-damaged-by-use-of-defective-concrete-blocks-increased-grant-regulations-2026/,https://assets.gov.ie/static/documents/f362c397/Ministerial_Guidance_Note.pdf,"gov.ie circulars (DHLGH/DPER/Finance), PSI Licence / CC-BY","factual citation: circular text references this SI — extracted, not reproduced"
06/2020,06/2020 Purchase and Transfer of Retirement Benefits under the Single Public Service Pension Scheme for members of the Permanent Defence For,department-of-public-expenditure-infrastructure-public-service-reform-and-digitalisation,pay_pension,13 March 2020,2020,73,2020-073,https://www.gov.ie/en/department-of-public-expenditure-infrastructure-public-service-reform-and-digitalisation/circulars/062020-purchase-and-transfer-of-retirement-benefits-under-the-single-public-service-pension-scheme-for-members-of-the-permanent-defence-force/,https://assets.gov.ie/static/documents/062020-purchase-and-transfer-of-retirement-benefits-under-the-single-public-service-pe.pdf,"gov.ie circulars (DHLGH/DPER/Finance), PSI Licence / CC-BY","factual citation: circular text references this SI — extracted, not reproduced"
02/2022,02/2022 Circular EUIPR 02/2022 - Planning and Development Act 2000 (Exempted Development)(Number 2) Regulations 2022,department-of-housing-local-government-and-heritage,planning_rule,1 April 2022,2020,92,2020-092,https://www.gov.ie/en/department-of-housing-local-government-and-heritage/circulars/circular-euipr-022022-planning-and-development-act-2000-exempted-developmentnumber-2-regulations-2022/,https://assets.gov.ie/static/documents/circular-euipr-022022-planning-and-development-act-2000-exempted-developmentnumber-2-r.pdf,"gov.ie circulars (DHLGH/DPER/Finance), PSI Licence / CC-BY","factual citation: circular text references this SI — extracted, not reproduced"
06/2021,06/2021 Circular PL 06/2021 – Takeaway and Outdoor Dining – Planning Amendments,department-of-housing-local-government-and-heritage,planning_rule,30 April 2021,2020,92,2020-092,https://www.gov.ie/en/department-of-housing-local-government-and-heritage/circulars/circular-pl-062021-takeaway-and-outdoor-dining-planning-amendments/,https://assets.gov.ie/static/documents/circular-pl-062021-takeaway-and-outdoor-dining-planning-amendments.pdf,"gov.ie circulars (DHLGH/DPER/Finance), PSI Licence / CC-BY","factual citation: circular text references this SI — extracted, not reproduced"
02/2022,02/2022 Circular EUIPR 02/2022 - Planning and Development Act 2000 (Exempted Development)(Number 2) Regulations 2022,department-of-housing-local-government-and-heritage,planning_rule,1 April 2022,2020,93,2020-093,https://www.gov.ie/en/department-of-housing-local-government-and-heritage/circulars/circular-euipr-022022-planning-and-development-act-2000-exempted-developmentnumber-2-regulations-2022/,https://assets.gov.ie/static/documents/circular-euipr-022022-planning-and-development-act-2000-exempted-developmentnumber-2-r.pdf,"gov.ie circulars (DHLGH/DPER/Finance), PSI Licence / CC-BY","factual citation: circular text references this SI — extracted, not reproduced"
09/2020,Circular PL 09/2020 - Operation of Planning System during COVID-19 Level 5 Restrictions,department-of-housing-local-government-and-heritage,other_guidance,23 October 2020,2020,180,2020-180,https://www.gov.ie/en/department-of-housing-local-government-and-heritage/circulars/circular-pl-092020-operation-of-planning-system-during-covid-19-level-5-restrictions/,https://assets.gov.ie/static/documents/circular-pl-092020-operation-of-planning-system-during-covid-19-level-5-restrictions.pdf,"gov.ie circulars (DHLGH/DPER/Finance), PSI Licence / CC-BY","factual citation: circular text references this SI — extracted, not reproduced"
07/2020,Circular PL 07/2020 - Planning and Development (Section 38) Regulations 2020 - S.I. No 180 of 2020,department-of-housing-local-government-and-heritage,planning_rule,22 May 2020,2020,180,2020-180,https://www.gov.ie/en/department-of-housing-local-government-and-heritage/circulars/circular-pl-072020-planning-and-development-section-38-regulations-2020-si-no-180-of-2020/,https://assets.gov.ie/static/documents/circular-pl-072020-planning-and-development-section-38-regulations-2020-si-no-180-of-2.pdf,"gov.ie circulars (DHLGH/DPER/Finance), PSI Licence / CC-BY","factual citation: circular text references this SI — extracted, not reproduced"
02/2022,02/2022 Circular EUIPR 02/2022 - Planning and Development Act 2000 (Exempted Development)(Number 2) Regulations 2022,department-of-housing-local-government-and-heritage,planning_rule,1 April 2022,2020,293,2020-293,https://www.gov.ie/en/department-of-housing-local-government-and-heritage/circulars/circular-euipr-022022-planning-and-development-act-2000-exempted-developmentnumber-2-regulations-2022/,https://assets.gov.ie/static/documents/circular-euipr-022022-planning-and-development-act-2000-exempted-developmentnumber-2-r.pdf,"gov.ie circulars (DHLGH/DPER/Finance), PSI Licence / CC-BY","factual citation: circular text references this SI — extracted, not reproduced"
09/2023,PL 09/2023 Circular PL 09/2023 re S.I. No. 376/2023 Exempted Development Regulations,department-of-housing-local-government-and-heritage,planning_rule,4 August 2023,2020,408,2020-408,https://www.gov.ie/en/department-of-housing-local-government-and-heritage/circulars/circular-pl-092023-re-si-no-3762023-exempted-development-regulations/,https://assets.gov.ie/static/documents/planning-and-development-exempted-development-no-4-regulations-2023.pdf,"gov.ie circulars (DHLGH/DPER/Finance), PSI Licence / CC-BY","factual citation: circular text references this SI — extracted, not reproduced"
,4-2020 EUIPR 4-2020 - Amendments to Substitute Consent provisions,department-of-housing-local-government-and-heritage,planning_rule,24 December 2020,2020,408,2020-408,https://www.gov.ie/en/department-of-housing-local-government-and-heritage/circulars/euipr-4-2020-amendments-to-substitute-consent-provisions/,https://assets.gov.ie/static/documents/appendix-1-planning-and-development-amendment-no-2-regulations-2020.pdf,"gov.ie circulars (DHLGH/DPER/Finance), PSI Licence / CC-BY","factual citation: circular text references this SI — extracted, not reproduced"
07/2020,Circular LG 07-2020 - Guidelines for supplementary Standing Orders regulating the proceedings in relation to remote meetings of the Council,department-of-housing-local-government-and-heritage,other_guidance,30 October 2020,2020,445,2020-445,https://www.gov.ie/en/department-of-housing-local-government-and-heritage/circulars/circular-lg-07-2020-guidelines-for-supplementary-standing-orders-regulating-the-proceedings-in-relation-to-remote-meetings-of-the-council/,https://assets.gov.ie/static/documents/circular-lg-07-2020-guidelines-for-supplementary-standing-orders-regulating-the-procee.pdf,"gov.ie circulars (DHLGH/DPER/Finance), PSI Licence / CC-BY","factual citation: circular text references this SI — extracted, not reproduced"
08/2020,Circular LG 08-2020 - Guidelines for supplementary Standing Orders regulating the proceedings in relation to remote meetings of the Regional,department-of-housing-local-government-and-heritage,other_guidance,30 October 2020,2020,446,2020-446,https://www.gov.ie/en/department-of-housing-local-government-and-heritage/circulars/circular-lg-08-2020-guidelines-for-supplementary-standing-orders-regulating-the-proceedings-in-relation-to-remote-meetings-of-the-regional-assemblies/,https://assets.gov.ie/static/documents/circular-lg-08-2020-guidelines-for-supplementary-standing-orders-regulating-the-procee.pdf,"gov.ie circulars (DHLGH/DPER/Finance), PSI Licence / CC-BY","factual citation: circular text references this SI — extracted, not reproduced"
09/2020,Circular PL 09/2020 - Operation of Planning System during COVID-19 Level 5 Restrictions,department-of-housing-local-government-and-heritage,other_guidance,23 October 2020,2020,448,2020-448,https://www.gov.ie/en/department-of-housing-local-government-and-heritage/circulars/circular-pl-092020-operation-of-planning-system-during-covid-19-level-5-restrictions/,https://assets.gov.ie/static/documents/circular-pl-092020-operation-of-planning-system-during-covid-19-level-5-restrictions.pdf,"gov.ie circulars (DHLGH/DPER/Finance), PSI Licence / CC-BY","factual citation: circular text references this SI — extracted, not reproduced"
,4-2020 EUIPR 4-2020 - Amendments to Substitute Consent provisions,department-of-housing-local-government-and-heritage,planning_rule,24 December 2020,2020,559,2020-559,https://www.gov.ie/en/department-of-housing-local-government-and-heritage/circulars/euipr-4-2020-amendments-to-substitute-consent-provisions/,https://assets.gov.ie/static/documents/appendix-1-planning-and-development-amendment-no-2-regulations-2020.pdf,"gov.ie circulars (DHLGH/DPER/Finance), PSI Licence / CC-BY","factual citation: circular text references this SI — extracted, not reproduced"
05/2020,05/2020 Circular EUIPR 05/2020 - Planning and Development during COVID-19 Emergency,department-of-housing-local-government-and-heritage,planning_rule,24 December 2020,2020,560,2020-560,https://www.gov.ie/en/department-of-housing-local-government-and-heritage/circulars/circular-euipr-052020-planning-and-development-during-covid-19-emergency/,https://assets.gov.ie/static/documents/circular-euipr-052020-planning-and-development-during-covid-19-emergency.pdf,"gov.ie circulars (DHLGH/DPER/Finance), PSI Licence / CC-BY","factual citation: circular text references this SI — extracted, not reproduced"
,4-2020 EUIPR 4-2020 - Amendments to Substitute Consent provisions,department-of-housing-local-government-and-heritage,planning_rule,24 December 2020,2020,692,2020-692,https://www.gov.ie/en/department-of-housing-local-government-and-heritage/circulars/euipr-4-2020-amendments-to-substitute-consent-provisions/,https://assets.gov.ie/static/documents/appendix-1-planning-and-development-amendment-no-2-regulations-2020.pdf,"gov.ie circulars (DHLGH/DPER/Finance), PSI Licence / CC-BY","factual citation: circular text references this SI — extracted, not reproduced"
01/2021,01/2021 Circular PL 01/2021 - Planning and Development (Amendment) Regulations 2021 (S.I 9 of 2021),department-of-housing-local-government-and-heritage,planning_rule,15 January 2021,2021,9,2021-009,https://www.gov.ie/en/department-of-housing-local-government-and-heritage/circulars/circular-pl-012021-planning-and-development-amendment-regulations-2021-si-9-of-2021/,https://assets.gov.ie/static/documents/circular-pl-012021-planning-and-development-amendment-regulations-2021-si-9-of-2021.pdf,"gov.ie circulars (DHLGH/DPER/Finance), PSI Licence / CC-BY","factual citation: circular text references this SI — extracted, not reproduced"
04/2021,04/2021 Circular PL 04/2021 - Planning and Development Act 2000 (Exempted Development) Regulations 2021 - S.I. 114 and 115 of 2021,department-of-housing-local-government-and-heritage,planning_rule,18 March 2021,2021,114,2021-114,https://www.gov.ie/en/department-of-housing-local-government-and-heritage/circulars/circular-pl-042021-planning-and-development-act-2000-exempted-development-regulations-2021-si-114-and-115-of-2021/,https://assets.gov.ie/static/documents/circular-pl-042021-planning-and-development-act-2000-exempted-development-regulations-.pdf,"gov.ie circulars (DHLGH/DPER/Finance), PSI Licence / CC-BY","factual citation: circular text references this SI — extracted, not reproduced"
04/2021,04/2021 Circular PL 04/2021 - Planning and Development Act 2000 (Exempted Development) Regulations 2021 - S.I. 114 and 115 of 2021,department-of-housing-local-government-and-heritage,planning_rule,18 March 2021,2021,115,2021-115,https://www.gov.ie/en/department-of-housing-local-government-and-heritage/circulars/circular-pl-042021-planning-and-development-act-2000-exempted-development-regulations-2021-si-114-and-115-of-2021/,https://assets.gov.ie/static/documents/circular-pl-042021-planning-and-development-act-2000-exempted-development-regulations-.pdf,"gov.ie circulars (DHLGH/DPER/Finance), PSI Licence / CC-BY","factual citation: circular text references this SI — extracted, not reproduced"
05/2025,Circular 05/2025 - Right to Disconnect Policy for the Civil Service,department-of-public-expenditure-infrastructure-public-service-reform-and-digitalisation,other_guidance,3 March 2025,2021,159,2021-159,https://www.gov.ie/en/department-of-public-expenditure-infrastructure-public-service-reform-and-digitalisation/circulars/circular-052025-right-to-disconnect-policy-for-the-civil-service/,https://assets.gov.ie/static/documents/circular-052025-right-to-disconnect-policy-for-the-civil-service.pdf,"gov.ie circulars (DHLGH/DPER/Finance), PSI Licence / CC-BY","factual citation: circular text references this SI — extracted, not reproduced"
06/2021,06/2021 Circular PL 06/2021 – Takeaway and Outdoor Dining – Planning Amendments,department-of-housing-local-government-and-heritage,planning_rule,30 April 2021,2021,208,2021-208,https://www.gov.ie/en/department-of-housing-local-government-and-heritage/circulars/circular-pl-062021-takeaway-and-outdoor-dining-planning-amendments/,https://assets.gov.ie/static/documents/circular-pl-062021-takeaway-and-outdoor-dining-planning-amendments.pdf,"gov.ie circulars (DHLGH/DPER/Finance), PSI Licence / CC-BY","factual citation: circular text references this SI — extracted, not reproduced"
06/2021,06/2021 Circular PL 06/2021 – Takeaway and Outdoor Dining – Planning Amendments,department-of-housing-local-government-and-heritage,planning_rule,30 April 2021,2021,209,2021-209,https://www.gov.ie/en/department-of-housing-local-government-and-heritage/circulars/circular-pl-062021-takeaway-and-outdoor-dining-planning-amendments/,https://assets.gov.ie/static/documents/circular-pl-062021-takeaway-and-outdoor-dining-planning-amendments.pdf,"gov.ie circulars (DHLGH/DPER/Finance), PSI Licence / CC-BY","factual citation: circular text references this SI — extracted, not reproduced"
06/2021,06/2021 Circular PL 06/2021 – Takeaway and Outdoor Dining – Planning Amendments,department-of-housing-local-government-and-heritage,planning_rule,30 April 2021,2021,210,2021-210,https://www.gov.ie/en/department-of-housing-local-government-and-heritage/circulars/circular-pl-062021-takeaway-and-outdoor-dining-planning-amendments/,https://assets.gov.ie/static/documents/circular-pl-062021-takeaway-and-outdoor-dining-planning-amendments.pdf,"gov.ie circulars (DHLGH/DPER/Finance), PSI Licence / CC-BY","factual citation: circular text references this SI — extracted, not reproduced"
05/2022,05/2022 Circular LG 05/2022 - Allowances and Expenses of Elected Members,department-of-housing-local-government-and-heritage,other_guidance,7 September 2022,2021,313,2021-313,https://www.gov.ie/en/department-of-housing-local-government-and-heritage/circulars/circular-lg-052022-allowances-and-expenses-of-elected-members/,https://assets.gov.ie/static/documents/circular-lg-052022-allowances-and-expenses-of-elected-members.pdf,"gov.ie circulars (DHLGH/DPER/Finance), PSI Licence / CC-BY","factual citation: circular text references this SI — extracted, not reproduced"
20/2021,Circular 20/2021 - Open Data Directive,department-of-public-expenditure-infrastructure-public-service-reform-and-digitalisation,other_guidance,23 December 2021,2021,376,2021-376,https://www.gov.ie/en/department-of-public-expenditure-infrastructure-public-service-reform-and-digitalisation/circulars/circular-202021-open-data-directive/,https://assets.gov.ie/static/documents/circular-202021-open-data-directive.pdf,"gov.ie circulars (DHLGH/DPER/Finance), PSI Licence / CC-BY","factual citation: circular text references this SI — extracted, not reproduced"
07/2021,07/2021 Circular PL 07/2021 - Planning and Development Act 2000 (Section 254 - Overground Telecommunication Cables) Regulations 2021 - S.I. ,department-of-housing-local-government-and-heritage,planning_rule,18 August 2021,2021,422,2021-422,https://www.gov.ie/en/department-of-housing-local-government-and-heritage/circulars/circular-pl-072021-planning-and-development-act-2000-section-254-overground-telecommunication-cables-regulations-2021-si-422-of-2021/,https://assets.gov.ie/static/documents/pl-072021-planning-and-development-act-2000-section-254-overground-telecommunication-c.pdf,"gov.ie circulars (DHLGH/DPER/Finance), PSI Licence / CC-BY","factual citation: circular text references this SI — extracted, not reproduced"
07/2023,Circular 07/2023 - Local Authority Home Loan Scheme (LAHL),department-of-housing-local-government-and-heritage,funding_scheme,28 February 2023,2021,701,2021-701,https://www.gov.ie/en/department-of-housing-local-government-and-heritage/circulars/circular-072023-local-authority-home-loan-scheme-lahl/,https://assets.gov.ie/static/documents/circular-072023-local-authority-home-loan-scheme-lahl.pdf,"gov.ie circulars (DHLGH/DPER/Finance), PSI Licence / CC-BY","factual citation: circular text references this SI — extracted, not reproduced"
13/2021,13/2021 Circular PL 13/2021 - Large-scale Residential Development Act and Regulations 2021,department-of-housing-local-government-and-heritage,planning_rule,17 December 2021,2021,714,2021-714,https://www.gov.ie/en/department-of-housing-local-government-and-heritage/circulars/circular-pl-132021-large-scale-residential-development-act-and-regulations-2021/,https://assets.gov.ie/static/documents/circular-pl-132021.pdf,"gov.ie circulars (DHLGH/DPER/Finance), PSI Licence / CC-BY","factual citation: circular text references this SI — extracted, not reproduced"
13/2021,13/2021 Circular PL 13/2021 - Large-scale Residential Development Act and Regulations 2021,department-of-housing-local-government-and-heritage,planning_rule,17 December 2021,2021,715,2021-715,https://www.gov.ie/en/department-of-housing-local-government-and-heritage/circulars/circular-pl-132021-large-scale-residential-development-act-and-regulations-2021/,https://assets.gov.ie/static/documents/circular-pl-132021.pdf,"gov.ie circulars (DHLGH/DPER/Finance), PSI Licence / CC-BY","factual citation: circular text references this SI — extracted, not reproduced"
13/2021,13/2021 Circular PL 13/2021 - Large-scale Residential Development Act and Regulations 2021,department-of-housing-local-government-and-heritage,planning_rule,17 December 2021,2021,716,2021-716,https://www.gov.ie/en/department-of-housing-local-government-and-heritage/circulars/circular-pl-132021-large-scale-residential-development-act-and-regulations-2021/,https://assets.gov.ie/static/documents/circular-pl-132021.pdf,"gov.ie circulars (DHLGH/DPER/Finance), PSI Licence / CC-BY","factual citation: circular text references this SI — extracted, not reproduced"
13/2021,13/2021 Circular PL 13/2021 - Large-scale Residential Development Act and Regulations 2021,department-of-housing-local-government-and-heritage,planning_rule,17 December 2021,2021,720,2021-720,https://www.gov.ie/en/department-of-housing-local-government-and-heritage/circulars/circular-pl-132021-large-scale-residential-development-act-and-regulations-2021/,https://assets.gov.ie/static/documents/circular-pl-132021.pdf,"gov.ie circulars (DHLGH/DPER/Finance), PSI Licence / CC-BY","factual citation: circular text references this SI — extracted, not reproduced"
02/2022,02/2022 Circular PL 02/2022 - Planning and Development Act (Exempted Development) Regulations 2022 (S.I. 75 of 2022),department-of-housing-local-government-and-heritage,planning_rule,24 February 2022,2022,75,2022-075,https://www.gov.ie/en/department-of-housing-local-government-and-heritage/circulars/circular-pl-022022-planning-and-development-act-exempted-development-regulations-2022-si-75-of-2022/,https://assets.gov.ie/static/documents/circular-pl-022022-planning-and-development-act-exempted-development-regulations-2022-.pdf,"gov.ie circulars (DHLGH/DPER/Finance), PSI Licence / CC-BY","factual citation: circular text references this SI — extracted, not reproduced"
51/2022,Circular 51/2022 - Defective Concrete Blocks Grant Scheme - Dwellings Damaged by the Use of Defective Concrete Blocks in Construction (Remed,department-of-housing-local-government-and-heritage,funding_scheme,16 December 2022,2022,85,2022-085,https://www.gov.ie/en/department-of-housing-local-government-and-heritage/circulars/circular-512022-defective-concrete-blocks-grant-scheme-dwellings-damaged-by-the-use-of-defective-concrete-blocks-in-construction-remediation-financial-assistance-amendment-no2-regulations-2022-si-no-654-of-2022/,https://assets.gov.ie/static/documents/circular-512022-defective-concrete-blocks-grant-scheme-dwellings-damaged-by-the-use-of.pdf,"gov.ie circulars (DHLGH/DPER/Finance), PSI Licence / CC-BY","factual citation: circular text references this SI — extracted, not reproduced"
12/2022,12/2022 Circular Housing 12/2022 - Defective Concrete Blocks Grant Scheme - Dwellings Damaged by the Use of Defective Concrete Blocks in Con,department-of-housing-local-government-and-heritage,funding_scheme,25 February 2022,2022,85,2022-085,https://www.gov.ie/en/department-of-housing-local-government-and-heritage/circulars/circular-housing-122022-defective-concrete-blocks-grant-scheme-dwellings-damaged-by-the-use-of-defective-concrete-blocks-in-construction-remediation-financial-assistance-amendment-regulations-2022-si-85-of-2022/,https://assets.gov.ie/static/documents/circular-housing-122022-defective-concrete-blocks-grant-scheme-dwellings-damaged-by-th.pdf,"gov.ie circulars (DHLGH/DPER/Finance), PSI Licence / CC-BY","factual citation: circular text references this SI — extracted, not reproduced"
02/2022,02/2022 Circular EUIPR 02/2022 - Planning and Development Act 2000 (Exempted Development)(Number 2) Regulations 2022,department-of-housing-local-government-and-heritage,planning_rule,1 April 2022,2022,151,2022-151,https://www.gov.ie/en/department-of-housing-local-government-and-heritage/circulars/circular-euipr-022022-planning-and-development-act-2000-exempted-developmentnumber-2-regulations-2022/,https://assets.gov.ie/static/documents/circular-euipr-022022-planning-and-development-act-2000-exempted-developmentnumber-2-r.pdf,"gov.ie circulars (DHLGH/DPER/Finance), PSI Licence / CC-BY","factual citation: circular text references this SI — extracted, not reproduced"
07/2023,Circular 07/2023 - Local Authority Home Loan Scheme (LAHL),department-of-housing-local-government-and-heritage,funding_scheme,28 February 2023,2022,184,2022-184,https://www.gov.ie/en/department-of-housing-local-government-and-heritage/circulars/circular-072023-local-authority-home-loan-scheme-lahl/,https://assets.gov.ie/static/documents/circular-072023-local-authority-home-loan-scheme-lahl.pdf,"gov.ie circulars (DHLGH/DPER/Finance), PSI Licence / CC-BY","factual citation: circular text references this SI — extracted, not reproduced"
04/2022,04/2022 Circular PL 04/2022 - Section 254 Street Furniture Fees Waiver Regulations,department-of-housing-local-government-and-heritage,planning_rule,25 May 2022,2022,249,2022-249,https://www.gov.ie/en/department-of-housing-local-government-and-heritage/circulars/circular-pl-042022-section-254-street-furniture-fees-waiver-regulations/,https://assets.gov.ie/static/documents/circular-pl-042022-section-254-street-furniture-fees-waiver-regulations.pdf,"gov.ie circulars (DHLGH/DPER/Finance), PSI Licence / CC-BY","factual citation: circular text references this SI — extracted, not reproduced"
306/2022,No. 306 of 2022 European Union (Planning and Development) (Displaced Persons from Ukraine Temporary Protection) Regulations 2022,department-of-housing-local-government-and-heritage,planning_rule,1 July 2022,2022,306,2022-306,https://www.gov.ie/en/department-of-housing-local-government-and-heritage/circulars/european-union-planning-and-development-displaced-persons-from-ukraine-temporary-protection-regulations-2022/,https://assets.gov.ie/static/documents/circular-euipr-32022-european-union-planning-and-developmentdisplaced-persons-from-ukr.pdf,"gov.ie circulars (DHLGH/DPER/Finance), PSI Licence / CC-BY","factual citation: circular text references this SI — extracted, not reproduced"
01/2022,- 01/2022 Circular MPPL - 01/2022 - Maritime Area Planning Act 2021 – (Commencement of Certain Provisions) (No. 3) Order 2022 (S.I. 488 of 2,department-of-housing-local-government-and-heritage,act_commencement,11 October 2022,2022,488,2022-488,https://www.gov.ie/en/department-of-housing-local-government-and-heritage/circulars/circular-mppl-012022-maritime-area-planning-act-2021-commencement-of-certain-provisions-no-3-order-2022-si-488-of-2022/,https://assets.gov.ie/static/documents/circular-mppl-012022-maritime-area-planning-act-2021-commencement-of-certain-provision.pdf,"gov.ie circulars (DHLGH/DPER/Finance), PSI Licence / CC-BY","factual citation: circular text references this SI — extracted, not reproduced"
07/2022,07/2022 Circular PL 07/2022 – Solar Planning Exemptions,department-of-housing-local-government-and-heritage,planning_rule,7 October 2022,2022,492,2022-492,https://www.gov.ie/en/department-of-housing-local-government-and-heritage/circulars/circular-pl-072022-solar-planning-exemptions/,https://assets.gov.ie/static/documents/circular-pl-072022-solar-planning-exemptions.pdf,"gov.ie circulars (DHLGH/DPER/Finance), PSI Licence / CC-BY","factual citation: circular text references this SI — extracted, not reproduced"
07/2022,07/2022 Circular PL 07/2022 – Solar Planning Exemptions,department-of-housing-local-government-and-heritage,planning_rule,7 October 2022,2022,493,2022-493,https://www.gov.ie/en/department-of-housing-local-government-and-heritage/circulars/circular-pl-072022-solar-planning-exemptions/,https://assets.gov.ie/static/documents/circular-pl-072022-solar-planning-exemptions.pdf,"gov.ie circulars (DHLGH/DPER/Finance), PSI Licence / CC-BY","factual citation: circular text references this SI — extracted, not reproduced"
02/2022,Circular L2/22 - Revised Domestic Lead Remediation Grant Scheme administered by Local Authorities,department-of-housing-local-government-and-heritage,funding_scheme,18 October 2022,2022,519,2022-519,https://www.gov.ie/en/department-of-housing-local-government-and-heritage/circulars/circular-l222-revised-domestic-lead-remediation-grant-scheme-administered-by-local-authorities/,https://assets.gov.ie/static/documents/circular-l222-revised-domestic-lead-remediation-grant-scheme-administered-by-local-aut.pdf,"gov.ie circulars (DHLGH/DPER/Finance), PSI Licence / CC-BY","factual citation: circular text references this SI — extracted, not reproduced"
08/2022,"08/2022 Circular PL 08/2022 - Planning and Development, Maritime and Valuation (Amendment) Act (Commencement of Certain Provisions) (No 3) O",department-of-housing-local-government-and-heritage,act_commencement,20 October 2022,2022,523,2022-523,https://www.gov.ie/en/department-of-housing-local-government-and-heritage/circulars/circular-pl-082022-planning-and-development-maritime-and-valuation-amendment-act-commencement-of-certain-provisions-no-3-order-2022-si-5232022/,https://assets.gov.ie/static/documents/circular-pl-082022-planning-and-development-maritime-and-valuation-amendment-act-comme.pdf,"gov.ie circulars (DHLGH/DPER/Finance), PSI Licence / CC-BY","factual citation: circular text references this SI — extracted, not reproduced"
,09-2022 Circular PL 09-2022 Irish Water planning applications,department-of-housing-local-government-and-heritage,planning_rule,30 November 2022,2022,565,2022-565,https://www.gov.ie/en/department-of-housing-local-government-and-heritage/circulars/circular-pl-09-2022-irish-water-planning-applications/,https://assets.gov.ie/static/documents/circular-pl-09-2022-irish-water-planning-applications.pdf,"gov.ie circulars (DHLGH/DPER/Finance), PSI Licence / CC-BY","factual citation: circular text references this SI — extracted, not reproduced"
10/2022,10/2022 Circular PL 10/2022 - Planning and Development (Exempted Development) (No. 4) Regulations 2022 [S.I. 605/2022],department-of-housing-local-government-and-heritage,planning_rule,1 December 2022,2022,605,2022-605,https://www.gov.ie/en/department-of-housing-local-government-and-heritage/circulars/circular-pl-102022-planning-and-development-exempted-development-no-4-regulations-2022-si-6052022/,https://assets.gov.ie/static/documents/circular-pl-102022-planning-and-development-exempted-development-no-4-regulations-2022.pdf,"gov.ie circulars (DHLGH/DPER/Finance), PSI Licence / CC-BY","factual citation: circular text references this SI — extracted, not reproduced"
09/2023,PL 09/2023 Circular PL 09/2023 re S.I. No. 376/2023 Exempted Development Regulations,department-of-housing-local-government-and-heritage,planning_rule,4 August 2023,2022,605,2022-605,https://www.gov.ie/en/department-of-housing-local-government-and-heritage/circulars/circular-pl-092023-re-si-no-3762023-exempted-development-regulations/,https://assets.gov.ie/static/documents/planning-and-development-exempted-development-no-4-regulations-2023.pdf,"gov.ie circulars (DHLGH/DPER/Finance), PSI Licence / CC-BY","factual citation: circular text references this SI — extracted, not reproduced"
51/2022,Circular 51/2022 - Defective Concrete Blocks Grant Scheme - Dwellings Damaged by the Use of Defective Concrete Blocks in Construction (Remed,department-of-housing-local-government-and-heritage,funding_scheme,16 December 2022,2022,654,2022-654,https://www.gov.ie/en/department-of-housing-local-government-and-heritage/circulars/circular-512022-defective-concrete-blocks-grant-scheme-dwellings-damaged-by-the-use-of-defective-concrete-blocks-in-construction-remediation-financial-assistance-amendment-no2-regulations-2022-si-no-654-of-2022/,https://assets.gov.ie/static/documents/circular-512022-defective-concrete-blocks-grant-scheme-dwellings-damaged-by-the-use-of.pdf,"gov.ie circulars (DHLGH/DPER/Finance), PSI Licence / CC-BY","factual citation: circular text references this SI — extracted, not reproduced"
06/2022,PL 06/2022 Circular EUIPR 06/2022 – Planning and Development Act 2000 (Exempted Development)(Number 5) Regulations 2022,department-of-housing-local-government-and-heritage,planning_rule,21 December 2022,2022,664,2022-664,https://www.gov.ie/en/department-of-housing-local-government-and-heritage/circulars/circular-euipr-062022-planning-and-development-act-2000-exempted-developmentnumber-5-regulations-2022/,https://assets.gov.ie/static/documents/euipr-06-2022-planning-and-development-act-2000-exempted-developmentnumber-5-regulatio.pdf,"gov.ie circulars (DHLGH/DPER/Finance), PSI Licence / CC-BY","factual citation: circular text references this SI — extracted, not reproduced"
07/2022,07/2022 Circular EUIPR 07/2022 - European Union (Planning and Development Act 2000)(Habitats and Environmental Impact Assessment),department-of-housing-local-government-and-heritage,funding_scheme,23 December 2022,2022,708,2022-708,https://www.gov.ie/en/department-of-housing-local-government-and-heritage/circulars/circular-euipr-072022-european-union-planning-and-development-act-2000habitats-and-environmental-impact-assessment/,https://assets.gov.ie/static/documents/circular-euipr-072022-european-union-planning-and-development-act-2000habitats-and-env.pdf,"gov.ie circulars (DHLGH/DPER/Finance), PSI Licence / CC-BY","factual citation: circular text references this SI — extracted, not reproduced"
07/2023,Circular 07/2023 - Local Authority Home Loan Scheme (LAHL),department-of-housing-local-government-and-heritage,funding_scheme,28 February 2023,2023,76,2023-076,https://www.gov.ie/en/department-of-housing-local-government-and-heritage/circulars/circular-072023-local-authority-home-loan-scheme-lahl/,https://assets.gov.ie/static/documents/circular-072023-local-authority-home-loan-scheme-lahl.pdf,"gov.ie circulars (DHLGH/DPER/Finance), PSI Licence / CC-BY","factual citation: circular text references this SI — extracted, not reproduced"
05/2023,05/2023 PL 05-2023 Exempted Development Regulations Circular,department-of-housing-local-government-and-heritage,planning_rule,7 June 2023,2023,246,2023-246,https://www.gov.ie/en/department-of-housing-local-government-and-heritage/circulars/pl-05-2023-exempted-development-regulations-circular/,https://assets.gov.ie/static/documents/pl-05-2023-exempted-development-regulations-circular.pdf,"gov.ie circulars (DHLGH/DPER/Finance), PSI Licence / CC-BY","factual citation: circular text references this SI — extracted, not reproduced"
05/2023,05/2023 PL 05-2023 Exempted Development Regulations Circular,department-of-housing-local-government-and-heritage,planning_rule,7 June 2023,2023,250,2023-250,https://www.gov.ie/en/department-of-housing-local-government-and-heritage/circulars/pl-05-2023-exempted-development-regulations-circular/,https://assets.gov.ie/static/documents/pl-05-2023-exempted-development-regulations-circular.pdf,"gov.ie circulars (DHLGH/DPER/Finance), PSI Licence / CC-BY","factual citation: circular text references this SI — extracted, not reproduced"
04/2022,07 2023 PL 07 2023 Section 254 Street Furniture Fees Waiver Regulations,department-of-housing-local-government-and-heritage,planning_rule,12 June 2023,2023,256,2023-256,https://www.gov.ie/en/department-of-housing-local-government-and-heritage/circulars/pl-07-2023-section-254-street-furniture-fees-waiver-regulations/,https://assets.gov.ie/static/documents/pl-072023-section-254-street-furniture-fees-waiver-regulations.pdf,"gov.ie circulars (DHLGH/DPER/Finance), PSI Licence / CC-BY","factual citation: circular text references this SI — extracted, not reproduced"
05/2023,05/2023 PL 05-2023 Exempted Development Regulations Circular,department-of-housing-local-government-and-heritage,planning_rule,7 June 2023,2023,269,2023-269,https://www.gov.ie/en/department-of-housing-local-government-and-heritage/circulars/pl-05-2023-exempted-development-regulations-circular/,https://assets.gov.ie/static/documents/pl-05-2023-exempted-development-regulations-circular.pdf,"gov.ie circulars (DHLGH/DPER/Finance), PSI Licence / CC-BY","factual citation: circular text references this SI — extracted, not reproduced"
06/2023,06/2023 PL 06-2023 Event Licensing Regulations,department-of-housing-local-government-and-heritage,planning_rule,8 June 2023,2023,273,2023-273,https://www.gov.ie/en/department-of-housing-local-government-and-heritage/circulars/pl-06-2023-event-licensing-regulations/,https://assets.gov.ie/static/documents/pl-06-2023-event-licensing-regulations.pdf,"gov.ie circulars (DHLGH/DPER/Finance), PSI Licence / CC-BY","factual citation: circular text references this SI — extracted, not reproduced"
25/2023,Circular Housing 25/2023 - Commencement of the Remediation of Dwellings Damage by the Use of Defective Concrete Blocks Act 2022 and the Reme,department-of-housing-local-government-and-heritage,act_commencement,4 July 2023,2023,321,2023-321,https://www.gov.ie/en/department-of-housing-local-government-and-heritage/circulars/circular-housing-252023-commencement-of-the-remediation-of-dwellings-damage-by-the-use-of-defective-concrete-blocks-act-2022-and-the-remediation-of-dwellings-damaged-by-the-use-of-defective-concrete-blocks-regulations-2023/,https://assets.gov.ie/static/documents/circular-housing-252023-commencement-of-the-remediation-of-dwellings-damage-by-the-use.pdf,"gov.ie circulars (DHLGH/DPER/Finance), PSI Licence / CC-BY","factual citation: circular text references this SI — extracted, not reproduced"
25/2023,Circular Housing 25/2023 - Commencement of the Remediation of Dwellings Damage by the Use of Defective Concrete Blocks Act 2022 and the Reme,department-of-housing-local-government-and-heritage,act_commencement,4 July 2023,2023,347,2023-347,https://www.gov.ie/en/department-of-housing-local-government-and-heritage/circulars/circular-housing-252023-commencement-of-the-remediation-of-dwellings-damage-by-the-use-of-defective-concrete-blocks-act-2022-and-the-remediation-of-dwellings-damaged-by-the-use-of-defective-concrete-blocks-regulations-2023/,https://assets.gov.ie/static/documents/circular-housing-252023-commencement-of-the-remediation-of-dwellings-damage-by-the-use.pdf,"gov.ie circulars (DHLGH/DPER/Finance), PSI Licence / CC-BY","factual citation: circular text references this SI — extracted, not reproduced"
10/2026,Commencement of Sections of the Remediation of Dwellings Damaged by the Use of Defective Concrete Blocks (Amendment) Act 2025 and Dwellings ,department-of-housing-local-government-and-heritage,act_commencement,2 March 2026,2023,347,2023-347,https://www.gov.ie/en/department-of-housing-local-government-and-heritage/circulars/commencement-of-sections-of-the-remediation-of-dwellings-damaged-by-the-use-of-defective-concrete-blocks-amendment-act-2025-and-dwellings-damaged-by-use-of-defective-concrete-blocks-increased-grant-regulations-2026/,https://assets.gov.ie/static/documents/f362c397/Ministerial_Guidance_Note.pdf,"gov.ie circulars (DHLGH/DPER/Finance), PSI Licence / CC-BY","factual citation: circular text references this SI — extracted, not reproduced"
22/2026,Defective Concrete Blocks Circular 22 of 2026 to designated local authorities,department-of-housing-local-government-and-heritage,funding_scheme,11 June 2026,2023,347,2023-347,https://www.gov.ie/en/department-of-housing-local-government-and-heritage/circulars/defective-concrete-blocks-circular-22-of-2026-to-designated-local-authorities/,https://assets.gov.ie/static/documents/ef874d0a/20260604_DCB_Circular_22_of_2026_to_designated_local_authorities.pdf,"gov.ie circulars (DHLGH/DPER/Finance), PSI Licence / CC-BY","factual citation: circular text references this SI — extracted, not reproduced"
09/2023,PL 09/2023 Circular PL 09/2023 re S.I. No. 376/2023 Exempted Development Regulations,department-of-housing-local-government-and-heritage,planning_rule,4 August 2023,2023,376,2023-376,https://www.gov.ie/en/department-of-housing-local-government-and-heritage/circulars/circular-pl-092023-re-si-no-3762023-exempted-development-regulations/,https://assets.gov.ie/static/documents/planning-and-development-exempted-development-no-4-regulations-2023.pdf,"gov.ie circulars (DHLGH/DPER/Finance), PSI Licence / CC-BY","factual citation: circular text references this SI — extracted, not reproduced"
01/2023,01/2023 Circular EUIPR 01/2023 – Planning and Development (Amendment) (No 2) Regulations 2023,department-of-housing-local-government-and-heritage,planning_rule,27 July 2023,2023,383,2023-383,https://www.gov.ie/en/department-of-housing-local-government-and-heritage/circulars/circular-euipr-012023-planning-and-development-amendment-no-2-regulations-2023/,https://assets.gov.ie/static/documents/circular-euipr-012023-planning-and-development-amendment-no-2-regulations-2023-de34e38.pdf,"gov.ie circulars (DHLGH/DPER/Finance), PSI Licence / CC-BY","factual citation: circular text references this SI — extracted, not reproduced"
12/2023,Management of Sick Leave in the Civil Service,department-of-public-expenditure-infrastructure-public-service-reform-and-digitalisation,funding_scheme,4 September 2023,2023,407,2023-407,https://www.gov.ie/en/department-of-public-expenditure-infrastructure-public-service-reform-and-digitalisation/circulars/management-of-sick-leave-in-the-civil-service/,https://assets.gov.ie/static/documents/circular-122023-management-of-sick-leave-in-the-civil-service.pdf,"gov.ie circulars (DHLGH/DPER/Finance), PSI Licence / CC-BY","factual citation: circular text references this SI — extracted, not reproduced"
11/2023,Circular PL11/2023 - New design flexibility provisions with regard to certain unconfirmed details as part of application for planning permis,department-of-housing-local-government-and-heritage,planning_rule,21 December 2023,2023,645,2023-645,https://www.gov.ie/en/department-of-housing-local-government-and-heritage/circulars/circular-pl112023-new-design-flexibility-provisions-with-regard-to-certain-unconfirmed-details-as-part-of-application-for-planning-permission/,https://assets.gov.ie/static/documents/circular-pl112023-new-design-flexibility-provisions-with-regard-to-certain-unconfirmed.pdf,"gov.ie circulars (DHLGH/DPER/Finance), PSI Licence / CC-BY","factual citation: circular text references this SI — extracted, not reproduced"
11/2023,Circular PL11/2023 - New design flexibility provisions with regard to certain unconfirmed details as part of application for planning permis,department-of-housing-local-government-and-heritage,planning_rule,21 December 2023,2023,654,2023-654,https://www.gov.ie/en/department-of-housing-local-government-and-heritage/circulars/circular-pl112023-new-design-flexibility-provisions-with-regard-to-certain-unconfirmed-details-as-part-of-application-for-planning-permission/,https://assets.gov.ie/static/documents/circular-pl112023-new-design-flexibility-provisions-with-regard-to-certain-unconfirmed.pdf,"gov.ie circulars (DHLGH/DPER/Finance), PSI Licence / CC-BY","factual citation: circular text references this SI — extracted, not reproduced"
11/2023,Circular PL11/2023 - New design flexibility provisions with regard to certain unconfirmed details as part of application for planning permis,department-of-housing-local-government-and-heritage,planning_rule,21 December 2023,2023,655,2023-655,https://www.gov.ie/en/department-of-housing-local-government-and-heritage/circulars/circular-pl112023-new-design-flexibility-provisions-with-regard-to-certain-unconfirmed-details-as-part-of-application-for-planning-permission/,https://assets.gov.ie/static/documents/circular-pl112023-new-design-flexibility-provisions-with-regard-to-certain-unconfirmed.pdf,"gov.ie circulars (DHLGH/DPER/Finance), PSI Licence / CC-BY","factual citation: circular text references this SI — extracted, not reproduced"
03/2024,03/2024 Circular PL 03/2024 - Planning and Development (Street Furniture Fees) Regulations 2024 (S.I. 196 of 2024),department-of-housing-local-government-and-heritage,planning_rule,9 May 2024,2024,196,2024-196,https://www.gov.ie/en/department-of-housing-local-government-and-heritage/circulars/circular-pl-032024-planning-and-development-street-furniture-fees-regulations-2024-si-196-of-2024/,https://assets.gov.ie/static/documents/circular-pl-032024-planning-and-development-street-furniture-fees-regulations-2024-si-.pdf,"gov.ie circulars (DHLGH/DPER/Finance), PSI Licence / CC-BY","factual citation: circular text references this SI — extracted, not reproduced"
10/2026,Commencement of Sections of the Remediation of Dwellings Damaged by the Use of Defective Concrete Blocks (Amendment) Act 2025 and Dwellings ,department-of-housing-local-government-and-heritage,act_commencement,2 March 2026,2024,577,2024-577,https://www.gov.ie/en/department-of-housing-local-government-and-heritage/circulars/commencement-of-sections-of-the-remediation-of-dwellings-damaged-by-the-use-of-defective-concrete-blocks-amendment-act-2025-and-dwellings-damaged-by-use-of-defective-concrete-blocks-increased-grant-regulations-2026/,https://assets.gov.ie/static/documents/f362c397/Ministerial_Guidance_Note.pdf,"gov.ie circulars (DHLGH/DPER/Finance), PSI Licence / CC-BY","factual citation: circular text references this SI — extracted, not reproduced"
10/2026,Commencement of Sections of the Remediation of Dwellings Damaged by the Use of Defective Concrete Blocks (Amendment) Act 2025 and Dwellings ,department-of-housing-local-government-and-heritage,act_commencement,2 March 2026,2024,621,2024-621,https://www.gov.ie/en/department-of-housing-local-government-and-heritage/circulars/commencement-of-sections-of-the-remediation-of-dwellings-damaged-by-the-use-of-defective-concrete-blocks-amendment-act-2025-and-dwellings-damaged-by-use-of-defective-concrete-blocks-increased-grant-regulations-2026/,https://assets.gov.ie/static/documents/f362c397/Ministerial_Guidance_Note.pdf,"gov.ie circulars (DHLGH/DPER/Finance), PSI Licence / CC-BY","factual citation: circular text references this SI — extracted, not reproduced"
22/2026,Defective Concrete Blocks Circular 22 of 2026 to designated local authorities,department-of-housing-local-government-and-heritage,funding_scheme,11 June 2026,2025,20,2025-020,https://www.gov.ie/en/department-of-housing-local-government-and-heritage/circulars/defective-concrete-blocks-circular-22-of-2026-to-designated-local-authorities/,https://assets.gov.ie/static/documents/ef874d0a/20260604_DCB_Circular_22_of_2026_to_designated_local_authorities.pdf,"gov.ie circulars (DHLGH/DPER/Finance), PSI Licence / CC-BY","factual citation: circular text references this SI — extracted, not reproduced"
25/2002,PDA 2024 Commencement Circular No 2A re An Coimisiún Pleanála (updated 2 July 2025),department-of-housing-local-government-and-heritage,act_commencement,3 July 2025,2025,256,2025-256,https://www.gov.ie/en/department-of-housing-local-government-and-heritage/circulars/pda-2024-commencement-circular-no-2a-re-an-coimisi%C3%BAn-plean%C3%A1la-updated-2-july-2025/,https://assets.gov.ie/static/documents/PDA_2024_Commencement_Circular_No_2A_re_An_Coimisi%C3%BAn_Plean%C3%A1la_updated_2_July_2025.pdf,"gov.ie circulars (DHLGH/DPER/Finance), PSI Licence / CC-BY","factual citation: circular text references this SI — extracted, not reproduced"
25/2002,PDA 2024 Commencement Circular No 2A re An Coimisiún Pleanála (updated 2 July 2025),department-of-housing-local-government-and-heritage,act_commencement,3 July 2025,2025,262,2025-262,https://www.gov.ie/en/department-of-housing-local-government-and-heritage/circulars/pda-2024-commencement-circular-no-2a-re-an-coimisi%C3%BAn-plean%C3%A1la-updated-2-july-2025/,https://assets.gov.ie/static/documents/PDA_2024_Commencement_Circular_No_2A_re_An_Coimisi%C3%BAn_Plean%C3%A1la_updated_2_July_2025.pdf,"gov.ie circulars (DHLGH/DPER/Finance), PSI Licence / CC-BY","factual citation: circular text references this SI — extracted, not reproduced"
25/2002,PDA 2024 Commencement Circular No 2A re An Coimisiún Pleanála (updated 2 July 2025),department-of-housing-local-government-and-heritage,act_commencement,3 July 2025,2025,263,2025-263,https://www.gov.ie/en/department-of-housing-local-government-and-heritage/circulars/pda-2024-commencement-circular-no-2a-re-an-coimisi%C3%BAn-plean%C3%A1la-updated-2-july-2025/,https://assets.gov.ie/static/documents/PDA_2024_Commencement_Circular_No_2A_re_An_Coimisi%C3%BAn_Plean%C3%A1la_updated_2_July_2025.pdf,"gov.ie circulars (DHLGH/DPER/Finance), PSI Licence / CC-BY","factual citation: circular text references this SI — extracted, not reproduced"
04/2025,4/2025 The European Union (Planning and Development) (Renewable Energy) (No. 3) Regulations 2025 Circular,department-of-housing-local-government-and-heritage,planning_rule,3 October 2025,2025,274,2025-274,https://www.gov.ie/en/department-of-housing-local-government-and-heritage/circulars/the-european-union-planning-and-development-renewable-energy-no-3-regulations-2025-circular/,https://assets.gov.ie/static/documents/86cf5b6b/Circular_Letter_CEPP_4.2025_re_S.I._435_of_2025.pdf,"gov.ie circulars (DHLGH/DPER/Finance), PSI Licence / CC-BY","factual citation: circular text references this SI — extracted, not reproduced"
02/2025,2/2025 European Union (Planning and Development) (Renewable Energy) Regulations 2025 Circular CEPP 2/2025,department-of-housing-local-government-and-heritage,planning_rule,28 August 2025,2025,274,2025-274,https://www.gov.ie/en/department-of-housing-local-government-and-heritage/circulars/european-union-planning-and-development-renewable-energy-regulations-2025-circular-cepp-22025/,https://assets.gov.ie/static/documents/20250826_Circular_CEPP_2.2025_re_Clarification_of_certain_matters_pertaining_to_S.I._2.pdf,"gov.ie circulars (DHLGH/DPER/Finance), PSI Licence / CC-BY","factual citation: circular text references this SI — extracted, not reproduced"
01/2025,1/2025 European Union (Planning and Development) (Renewable Energy) Regulations 2025 CEPP 1/2025,department-of-housing-local-government-and-heritage,planning_rule,26 August 2025,2025,274,2025-274,https://www.gov.ie/en/department-of-housing-local-government-and-heritage/circulars/european-union-planning-and-development-renewable-energy-regulations-2025/,https://assets.gov.ie/static/documents/20250815_Circular_CEPP_1.2025_re_Transposition_of_REDIII.pdf,"gov.ie circulars (DHLGH/DPER/Finance), PSI Licence / CC-BY","factual citation: circular text references this SI — extracted, not reproduced"
01/2026,1/2026 CEPP 1/2026 European Union (Planning and Development) (Renewable Energy) Regulations 2025 Circular,department-of-housing-local-government-and-heritage,planning_rule,16 January 2026,2025,274,2025-274,https://www.gov.ie/en/department-of-housing-local-government-and-heritage/circulars/cepp-12026-european-union-planning-and-development-renewable-energy-regulations-2025-circular/,https://assets.gov.ie/static/documents/aabd07fb/CEPP_1_2026_European_Union_Planning_and_Development_Renewable_Energy_Regulations_2025_16Jan2026.pdf,"gov.ie circulars (DHLGH/DPER/Finance), PSI Licence / CC-BY","factual citation: circular text references this SI — extracted, not reproduced"
03/2025,3/2025 European Union (Planning and Development) (Renewable Energy) (No.2) Regulations 2025,department-of-housing-local-government-and-heritage,planning_rule,16 September 2025,2025,274,2025-274,https://www.gov.ie/en/department-of-housing-local-government-and-heritage/circulars/european-union-planning-and-development-renewable-energy-no2-regulations-2025/,https://assets.gov.ie/static/documents/0649b73f/20250911_Circular_CEPP_3.2025_re_S.I._426_of_2025_.pdf,"gov.ie circulars (DHLGH/DPER/Finance), PSI Licence / CC-BY","factual citation: circular text references this SI — extracted, not reproduced"
02/2026,2/2026 European Union (Planning and Development) (Renewable Energy) (Amendment) Regulations 2026 Circular CEPP 2/2026,department-of-housing-local-government-and-heritage,planning_rule,30 April 2026,2025,274,2025-274,https://www.gov.ie/en/department-of-housing-local-government-and-heritage/circulars/european-union-planning-and-development-renewable-energy-amendment-regulations-2026-circular-cepp-22026/,https://assets.gov.ie/static/documents/d64d9894/CEPP_2_2026_European_Union_Planning_and_Development_Renewable_Energy_Amendment_Regulations_2026.pdf,"gov.ie circulars (DHLGH/DPER/Finance), PSI Licence / CC-BY","factual citation: circular text references this SI — extracted, not reproduced"
01/2025,Letter SPI 01/2025 SPI 01/2025 Planning and Development (Street Furniture Fees) Regulations 2025 (S.I 367 of 2025),department-of-housing-local-government-and-heritage,planning_rule,15 August 2025,2025,367,2025-367,https://www.gov.ie/en/department-of-housing-local-government-and-heritage/circulars/spi-012025-planning-and-development-street-furniture-fees-regulations-2025-si-367-of-2025/,https://assets.gov.ie/static/documents/SPI_01-2025_S254_Street_Furniture_fee_Regulations.pdf,"gov.ie circulars (DHLGH/DPER/Finance), PSI Licence / CC-BY","factual citation: circular text references this SI — extracted, not reproduced"
25/2003,Planning and Development Act 2024 Commencement Circular No. 2025 03 - Ch 1 of Part 9 Judicial Review,department-of-housing-local-government-and-heritage,act_commencement,13 August 2025,2025,379,2025-379,https://www.gov.ie/en/department-of-housing-local-government-and-heritage/circulars/planning-and-development-act-2024-commencement-circular-no-2025-03-ch-1-of-part-9-judicial-review/,https://assets.gov.ie/static/documents/PD_Act_2024_Commencement_Circular_No._2025_03_-__Ch_1_of_Part_9_Judicial_Review.pdf,"gov.ie circulars (DHLGH/DPER/Finance), PSI Licence / CC-BY","factual citation: circular text references this SI — extracted, not reproduced"
02/2025,letter-PLR 02/2025 Planning Circular PLR 02/2025 Extension of duration of permissions for un-commenced housing development and suspension of,department-of-housing-local-government-and-heritage,other_guidance,13 August 2025,2025,379,2025-379,https://www.gov.ie/en/department-of-housing-local-government-and-heritage/circulars/planning-circular-plr-022025-extension-of-duration-of-permissions-for-un-commenced-housing-development-and-suspension-of-running-of-duration-of-permission-during-judicial-review-proceedings/,https://assets.gov.ie/static/documents/SI_No_379_2025_Planning_and_Development_Act_2024_Commencement_No._3_Order_2025.pdf,"gov.ie circulars (DHLGH/DPER/Finance), PSI Licence / CC-BY","factual citation: circular text references this SI — extracted, not reproduced"
03/2025,3/2025 European Union (Planning and Development) (Renewable Energy) (No.2) Regulations 2025,department-of-housing-local-government-and-heritage,planning_rule,16 September 2025,2025,426,2025-426,https://www.gov.ie/en/department-of-housing-local-government-and-heritage/circulars/european-union-planning-and-development-renewable-energy-no2-regulations-2025/,https://assets.gov.ie/static/documents/0649b73f/20250911_Circular_CEPP_3.2025_re_S.I._426_of_2025_.pdf,"gov.ie circulars (DHLGH/DPER/Finance), PSI Licence / CC-BY","factual citation: circular text references this SI — extracted, not reproduced"
02/2026,2/2026 European Union (Planning and Development) (Renewable Energy) (Amendment) Regulations 2026 Circular CEPP 2/2026,department-of-housing-local-government-and-heritage,planning_rule,30 April 2026,2025,435,2025-435,https://www.gov.ie/en/department-of-housing-local-government-and-heritage/circulars/european-union-planning-and-development-renewable-energy-amendment-regulations-2026-circular-cepp-22026/,https://assets.gov.ie/static/documents/d64d9894/CEPP_2_2026_European_Union_Planning_and_Development_Renewable_Energy_Amendment_Regulations_2026.pdf,"gov.ie circulars (DHLGH/DPER/Finance), PSI Licence / CC-BY","factual citation: circular text references this SI — extracted, not reproduced"
04/2025,4/2025 The European Union (Planning and Development) (Renewable Energy) (No. 3) Regulations 2025 Circular,department-of-housing-local-government-and-heritage,planning_rule,3 October 2025,2025,435,2025-435,https://www.gov.ie/en/department-of-housing-local-government-and-heritage/circulars/the-european-union-planning-and-development-renewable-energy-no-3-regulations-2025-circular/,https://assets.gov.ie/static/documents/86cf5b6b/Circular_Letter_CEPP_4.2025_re_S.I._435_of_2025.pdf,"gov.ie circulars (DHLGH/DPER/Finance), PSI Licence / CC-BY","factual citation: circular text references this SI — extracted, not reproduced"
,05 Planning and Development Act 2024 Commencement Circular No. 2025 05 Partial commencement of Part 16,department-of-housing-local-government-and-heritage,act_commencement,6 October 2025,2025,452,2025-452,https://www.gov.ie/en/department-of-housing-local-government-and-heritage/circulars/planning-and-development-act-2024-commencement-circular-no-2025-05-partial-commencement-of-part-16/,https://assets.gov.ie/static/documents/c9d0d738/PDA_2024_Commencement_Circular_No._2025_05_Partial_commencement_of_Part_16.pdf,"gov.ie circulars (DHLGH/DPER/Finance), PSI Licence / CC-BY","factual citation: circular text references this SI — extracted, not reproduced"
,04 Planning and Development Act 2024 Commencement Circular No. 2025 04 Partial commencement of Parts 3 and 6,department-of-housing-local-government-and-heritage,act_commencement,6 October 2025,2025,452,2025-452,https://www.gov.ie/en/department-of-housing-local-government-and-heritage/circulars/planning-and-development-act-2024-commencement-circular-no-2025-04-partial-commencement-of-parts-3-and-6/,https://assets.gov.ie/static/documents/7817fc9b/PDA_2024_Commencement_Circular_No._2025_04_Partial_commencement_of_Parts_3_an.pdf,"gov.ie circulars (DHLGH/DPER/Finance), PSI Licence / CC-BY","factual citation: circular text references this SI — extracted, not reproduced"
06/2025,6/2025 CEPP 6/2025 Circular Letter European Union (Environmental Assessment of Certain Plans and Programmes) (Amendment) Regulations 2025,department-of-housing-local-government-and-heritage,planning_rule,7 October 2025,2025,456,2025-456,https://www.gov.ie/en/department-of-housing-local-government-and-heritage/circulars/cepp-62025-circular-letter-european-union-environmental-assessment-of-certain-plans-and-programmes-amendment-regulations-2025/,https://assets.gov.ie/static/documents/470b5564/Circular_Letter_EU_-_Environmental_Assessment_of_Certain_Plans_and_Programmes.pdf,"gov.ie circulars (DHLGH/DPER/Finance), PSI Licence / CC-BY","factual citation: circular text references this SI — extracted, not reproduced"
05/2025,5/2025 CEPP 5/2025 Circular Letter European Union (Land Use Planning SEA) Regulations 2025,department-of-housing-local-government-and-heritage,planning_rule,7 October 2025,2025,456,2025-456,https://www.gov.ie/en/department-of-housing-local-government-and-heritage/circulars/cepp-52025-circular-letter-european-union-land-use-planning-sea-regulations-2025/,https://assets.gov.ie/static/documents/c1a2db01/CEPP_5_2025_Circular_Letter_European_Union_Land_Use_Planning_SEA_Regulations_.pdf,"gov.ie circulars (DHLGH/DPER/Finance), PSI Licence / CC-BY","factual citation: circular text references this SI — extracted, not reproduced"
,04 Planning and Development Act 2024 Commencement Circular No. 2025 04 Partial commencement of Parts 3 and 6,department-of-housing-local-government-and-heritage,act_commencement,6 October 2025,2025,456,2025-456,https://www.gov.ie/en/department-of-housing-local-government-and-heritage/circulars/planning-and-development-act-2024-commencement-circular-no-2025-04-partial-commencement-of-parts-3-and-6/,https://assets.gov.ie/static/documents/7817fc9b/PDA_2024_Commencement_Circular_No._2025_04_Partial_commencement_of_Parts_3_an.pdf,"gov.ie circulars (DHLGH/DPER/Finance), PSI Licence / CC-BY","factual citation: circular text references this SI — extracted, not reproduced"
,05 Planning and Development Act 2024 Commencement Circular No. 2025 05 Partial commencement of Part 16,department-of-housing-local-government-and-heritage,act_commencement,6 October 2025,2025,457,2025-457,https://www.gov.ie/en/department-of-housing-local-government-and-heritage/circulars/planning-and-development-act-2024-commencement-circular-no-2025-05-partial-commencement-of-part-16/,https://assets.gov.ie/static/documents/c9d0d738/PDA_2024_Commencement_Circular_No._2025_05_Partial_commencement_of_Part_16.pdf,"gov.ie circulars (DHLGH/DPER/Finance), PSI Licence / CC-BY","factual citation: circular text references this SI — extracted, not reproduced"
,04 Planning and Development Act 2024 Commencement Circular No. 2025 04 Partial commencement of Parts 3 and 6,department-of-housing-local-government-and-heritage,act_commencement,6 October 2025,2025,458,2025-458,https://www.gov.ie/en/department-of-housing-local-government-and-heritage/circulars/planning-and-development-act-2024-commencement-circular-no-2025-04-partial-commencement-of-parts-3-and-6/,https://assets.gov.ie/static/documents/7817fc9b/PDA_2024_Commencement_Circular_No._2025_04_Partial_commencement_of_Parts_3_an.pdf,"gov.ie circulars (DHLGH/DPER/Finance), PSI Licence / CC-BY","factual citation: circular text references this SI — extracted, not reproduced"
06/2025,6/2025 CEPP 6/2025 Circular Letter European Union (Environmental Assessment of Certain Plans and Programmes) (Amendment) Regulations 2025,department-of-housing-local-government-and-heritage,planning_rule,7 October 2025,2025,463,2025-463,https://www.gov.ie/en/department-of-housing-local-government-and-heritage/circulars/cepp-62025-circular-letter-european-union-environmental-assessment-of-certain-plans-and-programmes-amendment-regulations-2025/,https://assets.gov.ie/static/documents/470b5564/Circular_Letter_EU_-_Environmental_Assessment_of_Certain_Plans_and_Programmes.pdf,"gov.ie circulars (DHLGH/DPER/Finance), PSI Licence / CC-BY","factual citation: circular text references this SI — extracted, not reproduced"
22/2026,Defective Concrete Blocks Circular 22 of 2026 to designated local authorities,department-of-housing-local-government-and-heritage,funding_scheme,11 June 2026,2026,57,2026-057,https://www.gov.ie/en/department-of-housing-local-government-and-heritage/circulars/defective-concrete-blocks-circular-22-of-2026-to-designated-local-authorities/,https://assets.gov.ie/static/documents/ef874d0a/20260604_DCB_Circular_22_of_2026_to_designated_local_authorities.pdf,"gov.ie circulars (DHLGH/DPER/Finance), PSI Licence / CC-BY","factual citation: circular text references this SI — extracted, not reproduced"
22/2026,Defective Concrete Blocks Circular 22 of 2026 to designated local authorities,department-of-housing-local-government-and-heritage,funding_scheme,11 June 2026,2026,58,2026-058,https://www.gov.ie/en/department-of-housing-local-government-and-heritage/circulars/defective-concrete-blocks-circular-22-of-2026-to-designated-local-authorities/,https://assets.gov.ie/static/documents/ef874d0a/20260604_DCB_Circular_22_of_2026_to_designated_local_authorities.pdf,"gov.ie circulars (DHLGH/DPER/Finance), PSI Licence / CC-BY","factual citation: circular text references this SI — extracted, not reproduced"
01/2026,Letter NSP 01/2026 Circular Letter NSP 01/2026 - Developer Led Infrastructure (DLI) Initiative for Wastewater Services to support Housing De,department-of-housing-local-government-and-heritage,funding_scheme,12 March 2026,2026,65,2026-065,https://www.gov.ie/en/department-of-housing-local-government-and-heritage/circulars/circular-letter-nsp-012026-developer-led-infrastructure-dli-initiative-for-wastewater-services-to-support-housing-delivery/,https://assets.gov.ie/static/documents/d529dd6b/NSP_01-2026-_Circular_on_Developer_Led_Infrastructure_DLI_Initiative_for_Wastewater_Services.pdf,"gov.ie circulars (DHLGH/DPER/Finance), PSI Licence / CC-BY","factual citation: circular text references this SI — extracted, not reproduced"
02/2026,02/2026 Planning and Development (Short Term Letting - Planning and Development Act 2000) (Amendment) Regulations,department-of-housing-local-government-and-heritage,planning_rule,21 May 2026,2026,72,2026-072,https://www.gov.ie/en/department-of-housing-local-government-and-heritage/circulars/planning-and-development-short-term-letting-planning-and-development-act-2000-amendment-regulations/,https://assets.gov.ie/static/documents/1eb65929/SPI_02_2026_Circular_Short_Term_Letting_not_confined_to_RPZs.pdf,"gov.ie circulars (DHLGH/DPER/Finance), PSI Licence / CC-BY","factual citation: circular text references this SI — extracted, not reproduced"
02/2026,02/2026 Planning and Development (Short Term Letting - Planning and Development Act 2000) (Amendment) Regulations,department-of-housing-local-government-and-heritage,planning_rule,21 May 2026,2026,130,2026-130,https://www.gov.ie/en/department-of-housing-local-government-and-heritage/circulars/planning-and-development-short-term-letting-planning-and-development-act-2000-amendment-regulations/,https://assets.gov.ie/static/documents/1eb65929/SPI_02_2026_Circular_Short_Term_Letting_not_confined_to_RPZs.pdf,"gov.ie circulars (DHLGH/DPER/Finance), PSI Licence / CC-BY","factual citation: circular text references this SI — extracted, not reproduced"
02/2026,2/2026 European Union (Planning and Development) (Renewable Energy) (Amendment) Regulations 2026 Circular CEPP 2/2026,department-of-housing-local-government-and-heritage,planning_rule,30 April 2026,2026,185,2026-185,https://www.gov.ie/en/department-of-housing-local-government-and-heritage/circulars/european-union-planning-and-development-renewable-energy-amendment-regulations-2026-circular-cepp-22026/,https://assets.gov.ie/static/documents/d64d9894/CEPP_2_2026_European_Union_Planning_and_Development_Renewable_Energy_Amendment_Regulations_2026.pdf,"gov.ie circulars (DHLGH/DPER/Finance), PSI Licence / CC-BY","factual citation: circular text references this SI — extracted, not reproduced"
26/2001,Planning and Development Act 2024 Commencement Circular No 2026 01 Ch 2 of Part 9,department-of-housing-local-government-and-heritage,act_commencement,13 May 2026,2026,194,2026-194,https://www.gov.ie/en/department-of-housing-local-government-and-heritage/circulars/number-202601/,https://assets.gov.ie/static/documents/a721e2b1/Planning_and_Development_Act_2024_Commencement_Circular_No_2026_01_Ch_2_of_Part_9.pdf,"gov.ie circulars (DHLGH/DPER/Finance), PSI Licence / CC-BY","factual citation: circular text references this SI — extracted, not reproduced"
22/2026,Defective Concrete Blocks Circular 22 of 2026 to designated local authorities,department-of-housing-local-government-and-heritage,funding_scheme,11 June 2026,2026,217,2026-217,https://www.gov.ie/en/department-of-housing-local-government-and-heritage/circulars/defective-concrete-blocks-circular-22-of-2026-to-designated-local-authorities/,https://assets.gov.ie/static/documents/ef874d0a/20260604_DCB_Circular_22_of_2026_to_designated_local_authorities.pdf,"gov.ie circulars (DHLGH/DPER/Finance), PSI Licence / CC-BY","factual citation: circular text references this SI — extracted, not reproduced"
22/2026,Defective Concrete Blocks Circular 22 of 2026 to designated local authorities,department-of-housing-local-government-and-heritage,funding_scheme,11 June 2026,2026,221,2026-221,https://www.gov.ie/en/department-of-housing-local-government-and-heritage/circulars/defective-concrete-blocks-circular-22-of-2026-to-designated-local-authorities/,https://assets.gov.ie/static/documents/ef874d0a/20260604_DCB_Circular_22_of_2026_to_designated_local_authorities.pdf,"gov.ie circulars (DHLGH/DPER/Finance), PSI Licence / CC-BY","factual citation: circular text references this SI — extracted, not reproduced"
22/2026,Defective Concrete Blocks Circular 22 of 2026 to designated local authorities,department-of-housing-local-government-and-heritage,funding_scheme,11 June 2026,2026,225,2026-225,https://www.gov.ie/en/department-of-housing-local-government-and-heritage/circulars/defective-concrete-blocks-circular-22-of-2026-to-designated-local-authorities/,https://assets.gov.ie/static/documents/ef874d0a/20260604_DCB_Circular_22_of_2026_to_designated_local_authorities.pdf,"gov.ie circulars (DHLGH/DPER/Finance), PSI Licence / CC-BY","factual citation: circular text references this SI — extracted, not reproduced"
